{"acc": 0.4716981132075472, "recall": 0.37209302325581395, "precision": 0.35555555555555557, "f1": 0.36363636363636365, "auc": 0.45238095238095233, "_timestamp": 1679275579.9168568, "_runtime": 154.48392271995544, "_step": 0, "_wandb": {"runtime": 154}}