{"acc": 0.4528301886792453, "recall": 0.3488372093023256, "precision": 0.3333333333333333, "f1": 0.3409090909090909, "auc": 0.501107419712071, "_timestamp": 1679329565.0731163, "_runtime": 262.76772832870483, "_step": 0, "_wandb": {"runtime": 262}}