{"acc": 0.4528301886792453, "recall": 0.3488372093023256, "precision": 0.3333333333333333, "f1": 0.3409090909090909, "auc": 0.4863418235511258, "tr_loss": [0.04696320742368698, 0.04671911522746086, 0.04601665586233139, 0.04537120461463928, 0.045886825770139694, 0.046379853039979935, 0.04573475569486618, 0.04692433401942253, 0.04634437710046768, 0.04556070268154144, 0.04603084921836853, 0.04598395898938179, 0.046124447137117386, 0.04595089331269264, 0.047375865280628204, 0.0462152361869812, 0.046116627752780914, 0.04539762809872627, 0.04547517001628876, 0.04691293463110924, 0.04584704712033272, 0.047173790633678436, 0.04642375186085701, 0.045820992439985275, 0.04670726880431175, 0.04576282203197479, 0.04557228460907936, 0.04563755542039871, 0.046525463461875916], "_timestamp": 1679356655.5422552, "_runtime": 254.79514527320862, "_step": 0, "_wandb": {"runtime": 254}}