{"acc": 0.9245283007621765, "recall": 0.8604651093482971, "precision": 0.9487179517745972, "f1": 0.9024389982223511, "auc": 0.9464746713638306, "_timestamp": 1679372083.321318, "_runtime": 256.26628494262695, "_step": 0, "_wandb": {"runtime": 255}}