{"acc": 0.4716981132075472, "recall": 0.3488372093023256, "precision": 0.3488372093023256, "f1": 0.3488372093023256, "auc": 0.49483204134366926, "_timestamp": 1679329241.8582397, "_runtime": 262.2346396446228, "_step": 0, "_wandb": {"runtime": 261}}