{"acc": 0.7622767686843872, "recall": 0.5773195624351501, "precision": 0.8205128312110901, "f1": 0.6777609586715698, "auc": 0.8446784615516663, "tr_loss": [0.6551903486251831, 0.5493528246879578, 0.574700117111206, 0.6136489510536194, 0.6012879014015198, 0.6129499077796936, 0.5891961455345154, 0.5597141981124878, 0.6149386167526245, 0.5788910388946533, 0.6376162767410278, 0.6148847341537476, 0.6007967591285706, 0.6106467247009277, 0.6289553642272949, 0.6026351451873779, 0.5793067216873169, 0.5870974063873291, 0.5687285661697388, 0.5950322151184082, 0.6062939763069153, 0.5747324228286743, 0.5455886721611023, 0.6155916452407837, 0.6592509746551514, 0.6288599371910095, 0.5968430042266846, 0.5790839791297913, 0.5637673139572144], "_timestamp": 1679374819.7799692, "_runtime": 2135.25763630867, "_step": 0, "_wandb": {"runtime": 2134}}