{"acc": 0.49056603773584906, "recall": 0.4186046511627907, "precision": 0.3829787234042553, "f1": 0.4, "auc": 0.4896640826873385, "_timestamp": 1679328079.8794506, "_runtime": 574.3327946662903, "_step": 0, "_wandb": {"runtime": 573}}