{"acc": 0.7600446343421936, "recall": 0.5953608155250549, "precision": 0.7993079423904419, "f1": 0.6824224591255188, "auc": 0.8437398672103882, "tr_loss": [0.7878574132919312, 0.7810285687446594, 0.8686847686767578, 0.8668946623802185, 0.8118001818656921, 0.801398754119873, 0.8361086249351501, 0.8314810991287231, 0.8533201217651367, 0.927594780921936, 0.8561128377914429, 0.8578937649726868, 0.8181746006011963, 0.8649693727493286, 0.8228097558021545, 0.8674523234367371, 0.9226131439208984, 0.8393142819404602, 0.7799808979034424, 0.8208437561988831, 0.7870665788650513, 0.8328157663345337, 0.7650376558303833, 0.8387154340744019, 0.8041137456893921, 0.8075528740882874, 0.8059489727020264, 0.786922812461853, 0.8080083727836609], "_timestamp": 1679377250.9185677, "_runtime": 2133.8755366802216, "_step": 0, "_wandb": {"runtime": 2133}}