{"acc": 0.49056603773584906, "recall": 0.3488372093023256, "precision": 0.36585365853658536, "f1": 0.35714285714285715, "auc": 0.5103359173126615, "_timestamp": 1679275241.814976, "_runtime": 53.438087940216064, "_step": 0, "_wandb": {"runtime": 53}}